{
    "sad": {
        "min": 60.0,
        "max": 79.0,
        "mean": 70.00236785291455
    },
    "neutral": {
        "min": 71.0,
        "max": 90.0,
        "mean": 80.0943330060317
    },
    "happy": {
        "min": 91.0,
        "max": 109.0,
        "mean": 100.04158790170132
    },
    "angry": {
        "min": 81.0,
        "max": 99.0,
        "mean": 89.98113864142539
    },
    "fear": {
        "min": 61.0,
        "max": 79.0,
        "mean": 70.00831993288121
    },
    "surprise": {
        "min": 81.0,
        "max": 99.0,
        "mean": 90.02767215885086
    },
    "disgust": {
        "min": 71.0,
        "max": 89.0,
        "mean": 79.94531524565966
    }
}